{
  "N": 136,
  "times": [
        0.151969,  0.346818,  0.540928,  0.708482,  1.08186 ,  1.48128 ,
        1.94706 ,  2.77638 ,  4.08767 ,  6.38795 ,  8.74094 ,  0.143946,
        0.351982,  0.546323,  0.727155,  1.08817 ,  1.50074 ,  1.96633 ,
        2.78252 ,  4.14563 ,  6.41981 ,  8.79894 ,  0.166009,  0.360627,
        0.564685,  0.719812,  1.10767 ,  1.51457 ,  1.98016 ,  2.79612 ,
        4.14918 ,  6.43957 ,  8.78951 , 11.2179  ,  0.181155,  0.38587 ,
        0.570391,  0.745402,  1.12413 ,  1.51208 ,  1.9878  ,  2.81355 ,
        4.15654 ,  6.40831 ,  8.79632 , 11.2246  ,  0.176417,  0.390884,
        0.575647,  0.750935,  1.12043 ,  1.52861 ,  1.99489 ,  2.8308  ,
        4.17366 ,  6.44379 ,  8.80331 , 11.2411  ,  0.189592,  0.384833,
        0.569941,  0.754981,  1.1346  ,  1.54314 ,  1.99071 ,  2.81711 ,
        4.16031 ,  6.42045 ,  8.79916 , 11.2174  , 11.9878  ,  0.192635,
        0.387599,  0.582563,  0.758058,  1.11856 ,  1.53733 ,  2.00485 ,
        2.8225  ,  4.15637 ,  6.4459  ,  8.81437 , 11.2423  , 12.0029  ,
        0.185443,  0.351221,  0.565688,  0.750969,  1.16043 ,  1.56976 ,
        1.99835 ,  2.84581 ,  4.18023 ,  6.45033 ,  8.82848 , 11.2172  ,
       11.9973  ,  0.187172,  0.362701,  0.567555,  0.77234 ,  1.12336 ,
        1.5522  ,  2.01038 ,  2.81901 ,  4.17345 ,  6.46347 ,  8.83215 ,
       11.2404  , 12.0104  ,  0.189039,  0.345169,  0.579174,  0.774242,
        1.12527 ,  1.58342 ,  2.02211 ,  2.84087 ,  4.18601 ,  6.43774 ,
        8.83581 , 11.2438  , 12.0042  ,  0.174412,  0.320652,  0.583981,
        0.749621,  1.12018 ,  1.51018 ,  2.00731 ,  2.84564 ,  4.19074 ,
        6.41301 ,  8.83059 , 11.2483  , 11.9989
  ],
  "depolarizations": [
       -109.0  , -109.0 , -109.0 , -109.0 , -109.0  , -109.0  , -109.0  ,
       -109.0  , -109.0  , -109.0  , -109.0  , -100.0  , -100.0  , -100.0  ,
       -100.0  , -100.0  , -100.0  , -100.0  , -100.0  , -100.0  , -100.0  ,
       -100.0  ,  -88.0  ,  -88.0  ,  -88.0  ,  -88.0  ,  -88.0  ,  -88.0  ,
        -88.0  ,  -88.0  ,  -88.0  ,  -88.0  ,  -88.0  ,  -88.0  ,  -76.0  ,
        -76.0  ,  -76.0  ,  -76.0  ,  -76.0  ,  -76.0  ,  -76.0  ,  -76.0  ,
        -76.0  ,  -76.0  ,  -76.0  ,  -76.0  ,  -63.0  ,  -63.0  ,  -63.0  ,
        -63.0  ,  -63.0  ,  -63.0  ,  -63.0  ,  -63.0  ,  -63.0  ,  -63.0  ,
        -63.0  ,  -63.0  ,  -51.0  ,  -51.0  ,  -51.0  ,  -51.0  ,  -51.0  ,
        -51.0  ,  -51.0  ,  -51.0  ,  -51.0  ,  -51.0  ,  -51.0  ,  -51.0  ,
        -51.0  ,  -38.0  ,  -38.0  ,  -38.0  ,  -38.0  ,  -38.0  ,  -38.0  ,
        -38.0  ,  -38.0  ,  -38.0  ,  -38.0  ,  -38.0  ,  -38.0  ,  -38.0  ,
        -32.0  ,  -32.0  ,  -32.0  ,  -32.0  ,  -32.0  ,  -32.0  ,  -32.0  ,
        -32.0  ,  -32.0  ,  -32.0  ,  -32.0  ,  -32.0  ,  -32.0  ,  -26.0  ,
        -26.0  ,  -26.0  ,  -26.0  ,  -26.0  ,  -26.0  ,  -26.0  ,  -26.0  ,
        -26.0  ,  -26.0  ,  -26.0  ,  -26.0  ,  -26.0  ,  -19.0  ,  -19.0  ,
        -19.0  ,  -19.0  ,  -19.0  ,  -19.0  ,  -19.0  ,  -19.0  ,  -19.0  ,
        -19.0  ,  -19.0  ,  -19.0  ,  -19.0  ,  -10.01,  -10.01,  -10.01,
        -10.01,  -10.01,  -10.01,  -10.01,  -10.01,  -10.01,  -10.01,
        -10.01,  -10.01,  -10.01
  ],
  "conductances": [
        0.26035 ,  0.469177,  1.50235 ,  3.15343 ,  7.28047 , 11.3564  ,
       13.939   , 17.0936  , 19.2759  , 20.5448  , 21.0415  ,  0.7394  ,
        0.742386,  1.5346  ,  2.90553 ,  6.38418 , 10.3899  , 13.2385  ,
       16.6184  , 19.0589  , 20.4598  , 20.8098  ,  0.25768 ,  0.719578,
        1.526   ,  2.52307 ,  4.97748 ,  7.9296  , 10.6912  , 14.223   ,
       16.9205  , 18.3299  , 18.5922  , 18.3581  ,  0.196537,  0.276938,
        1.13222 ,  1.71605 ,  3.50426 ,  5.87397 ,  8.24492 , 11.7835  ,
       14.8643  , 15.865   , 17.1777  , 17.0957  ,  0.514338,  0.596152,
        1.18937 ,  1.46748 ,  2.6933  ,  4.27401 ,  6.32801 ,  9.45034 ,
       12.7374  , 15.0535  , 15.5203  , 15.6734  ,  0.72418 ,  0.499035,
        0.691458,  0.959828,  1.72454 ,  2.86938 ,  3.97679 ,  6.72229 ,
        9.5129  , 12.0124  , 12.8047  , 13.0659  , 13.0006  ,  0.342299,
        0.420447,  0.498595,  0.538739,  0.883313,  1.49284 ,  2.10304 ,
        3.73692 ,  6.05714 ,  8.39047 ,  9.70601 , 10.0035  , 10.0517  ,
        0.394772,  0.397135,  0.478621,  0.481263,  0.604742,  0.885073,
        1.44017 ,  2.51102 ,  4.29465 ,  6.64062 ,  8.08621 ,  8.59084 ,
        8.68039 ,  0.482695,  0.485248,  0.408227,  0.411206,  0.456312,
        0.742553,  0.90922 ,  1.80099 ,  3.02071 ,  4.93404 ,  6.08851 ,
        6.64355 ,  7.05475 ,  0.410034,  0.301024,  0.341214,  0.306803,
        0.348568,  0.539926,  0.693985,  1.11242 ,  1.76018 ,  2.75348 ,
        3.67468 ,  4.37379 ,  4.71736 ,  0.243338,  0.253563,  0.244784,
        0.284204,  0.285513,  0.306307,  0.366316,  0.456655,  0.636163,
        0.954693,  1.19624 ,  1.38924 ,  1.47927
  ]
}
